{"number_of_generations": 50, "number_of_steps": 500, "mutation_rate": 0.4, "mutation_step": 0.2, "tournament_size": 5, "crossover_type": "mean", "mean_cohesion_over_time": [0.6284601788360997, 0.49686625512276533, 0.5111657283167728, 0.6092950435311655, 0.541505630557327, 0.554695084300113, 0.6256723247401701, 0.42612572200548987, 0.5367016085909521, 0.47552132315981893, 0.46852562620008703, 0.47713280340735553, 0.5807637592707785, 0.36582914965010693, 0.46719594632709627, 0.5030091716495421, 0.45723157123448793, 0.3187081524338312, 0.46471882856488805, 0.4782064283507269, 0.2697663159291477, 0.2951704709499881, 0.46250384255965715, 0.38049751057230835, 0.47635202107492863, 0.45449941496414503, 0.4962045204560227, 0.35122628446764415, 0.2754609122462055, 0.3462309602806028, 0.22622683665837595, 0.38281596443632876, 0.23477147768378687, 0.37499580123397885, 0.25808732013548114, 0.2863133118002489, 0.2879253362291481, 0.42122002948635157, 0.32838833021346825, 0.30735248559215944, 0.31997120698802134, 0.37897100969351294, 0.5053262327933236, 0.40151992460051633, 0.2808335220119522, 0.2178915454361794, 0.4028313776564836, 0.37542755445457443, 0.298388812576376, 0.356571311749309, 0.31574840220236294], "mean_alignment_over_time": [0.5259868899055227, 0.49526583506374827, 0.572211026898755, 0.5238934289846492, 0.560618413758155, 0.505797613613373, 0.4815464951502461, 0.5005069630429877, 0.37310724162444364, 0.47684826839186206, 0.3894433863102523, 0.2618318722363893, 0.29316218171281994, 0.21040591834726988, 0.2898120057731062, 0.1801795093921023, 0.11569812856358216, 0.16778984091148552, 0.1801493105495603, 0.20597775346145372, 0.20348724432744777, 0.10334052303347546, 0.2458042901504254, 0.1748405832790983, 0.15243625564353622, 0.1585193267224904, 0.1706735936518615, 0.2221924890127613, 0.13127284202694733, 0.11552568738512235, 0.19727652893678335, 0.1761231502089472, 0.16183839048945434, 0.125873472344785, 0.2459628361617867, 0.24409714959275097, 0.24489817338000075, 0.20012208089859926, 0.19256639404801873, 0.20148984050629462, 0.10471055230568885, 0.18098059246753975, 0.20529603046682277, 0.19578689010744846, 0.14690132898434766, 0.16188704191569972, 0.11434989701002872, 0.18165856872399658, 0.1559590577159654, 0.22839400058001913, 0.18268248119596606], "mean_fitness_over_time": [1.1544470687416224, 0.9921320901865134, 1.0833767552155278, 1.1331884725158146, 1.102124044315482, 1.0604926979134859, 1.1072188198904163, 0.9266326850484776, 0.9098088502153958, 0.9523695915516812, 0.8579690125103393, 0.7389646756437449, 0.8739259409835983, 0.5762350679973768, 0.7570079521002026, 0.6831886810416443, 0.5729296997980701, 0.48649799334531674, 0.6448681391144484, 0.6841841818121805, 0.47325356025659554, 0.3985109939834635, 0.7083081327100825, 0.5553380938514066, 0.6287882767184648, 0.6130187416866354, 0.6668781141078841, 0.5734187734804054, 0.40673375427315284, 0.46175664766572516, 0.42350336559515933, 0.5589391146452759, 0.3966098681732413, 0.5008692735787639, 0.5040501562972678, 0.5304104613929999, 0.5328235096091489, 0.6213421103849508, 0.5209547242614868, 0.508842326098454, 0.42468175929371027, 0.5599516021610528, 0.7106222632601464, 0.5973068147079648, 0.4277348509962998, 0.37977858735187914, 0.5171812746665122, 0.557086123178571, 0.4543478702923414, 0.5849653123293281, 0.498430883398329], "fittest_individual_over_time": [0.7343522178058053, 0.5137741299626932, 0.6783439722973117, 0.6079192678914777, 0.6096863861790565, 0.5366636899238382, 0.44427337457792015, 0.4479936339720112, 0.3779088520910313, 0.3738303475406213, 0.26768571564441634, 0.23521290024885888, 0.20500242276588398, 0.07078510983780566, 0.1588202881468595, 0.15410702092437664, 0.09139831195074066, 0.1337808418273977, 0.15721262714649148, 0.1621352541737833, 0.06214828444365745, 0.035151412019840185, 0.11621779766151089, 0.1715941642056121, 0.06832910799266952, 0.1205123103706551, 0.05399684760501049, 0.03783042534531409, 0.036232349445497525, 0.09266526612598854, 0.1430089636486837, 0.14836513546654354, 0.09358504724582464, 0.014015009321219586, 0.07490022569086509, 0.15955725784992336, 0.08530017039122742, 0.2024099627420447, 0.1345041160688917, 0.05460896286286978, 0.05002785083806062, 0.2075180264567675, 0.14170952222871025, 0.19066700469555473, 0.12667110962155376, 0.10369693373008046, 0.1545467121576482, 0.05084089032195153, 0.19564786798612027, 0.04729596559494145, 0.06076079062399923]}