{"number_of_generations": 50, "number_of_steps": 500, "mutation_rate": 0.1, "mutation_step": 0.01, "tournament_size": 5, "crossover_type": "single_point", "mean_cohesion_over_time": [0.6284601788360997, 0.6602195491505531, 0.6116860933934337, 0.5462394528629698, 0.5019400765238163, 0.5409868110266393, 0.5545140625304366, 0.5888405962994456, 0.46366887596396905, 0.5427491296237371, 0.6151612856300215, 0.3461078106023346, 0.3566813809697498, 0.4052742419969009, 0.47527794826854686, 0.37547761140967095, 0.47414318187937127, 0.36575974115209303, 0.4145606231146365, 0.3302924948404652, 0.2302440644857082, 0.42994271281430924, 0.19992537384203493, 0.37048004216183494, 0.30994998895732073, 0.25405424344812993, 0.3770464504994727, 0.5318616917403999, 0.35358147904592124, 0.395811316437023, 0.21434947065410168, 0.5253794794976739, 0.5635349074293616, 0.42289438925560935, 0.4410043766457963, 0.38908855927389074, 0.36308777607747317, 0.38801551933074374, 0.23242872626834182, 0.45084597876823723, 0.36218299160619216, 0.3763983169836563, 0.38726039817937447, 0.0901976915209178, 0.4745409088725382, 0.33574525872415883, 0.31853231972037827, 0.20689968325305333, 0.29292216416866856, 0.4744612683581606, 0.46800505442048795], "mean_alignment_over_time": [0.5259868899055227, 0.45727781078498486, 0.5024750783798648, 0.5309337846974149, 0.4023125450533122, 0.3353427019027415, 0.375935705040285, 0.3317780185137261, 0.1709181362228059, 0.30511738994540055, 0.1692508380471709, 0.16487385908362495, 0.2421104155272901, 0.16217801580625113, 0.19690557673967807, 0.18392562997885423, 0.1226524043019899, 0.13723951764713496, 0.11842849867585642, 0.10934371617684414, 0.12724705011217416, 0.14838935657339825, 0.17343617995118357, 0.07467631265268287, 0.14377939259226888, 0.12670787503832898, 0.07356287849344001, 0.1434272539314415, 0.1690352252957934, 0.2247693456783063, 0.0876575127643238, 0.23092046912635997, 0.0682497572089677, 0.15038720804862377, 0.1824446590234787, 0.12924017456143333, 0.08899348289710737, 0.1925645804649025, 0.14073304457155575, 0.0453989127591608, 0.14312791625550345, 0.07889473215558357, 0.08542885082071104, 0.043237285900175844, 0.14383649991177172, 0.07601548394957176, 0.07313659914164364, 0.032121462243669796, 0.1497951297375545, 0.1719924255010245, 0.11976379434576437], "mean_fitness_over_time": [1.1544470687416224, 1.117497359935538, 1.1141611717732987, 1.0771732375603846, 0.9042526215771284, 0.8763295129293809, 0.9304497675707215, 0.920618614813172, 0.6345870121867749, 0.8478665195691377, 0.7844121236771923, 0.5109816696859595, 0.5987917964970397, 0.567452257803152, 0.6721835250082249, 0.5594032413885252, 0.5967955861813611, 0.502999258799228, 0.532989121790493, 0.4396362110173093, 0.3574911145978823, 0.5783320693877075, 0.3733615537932185, 0.4451563548145179, 0.45372938154958964, 0.3807621184864589, 0.4506093289929128, 0.6752889456718414, 0.5226167043417146, 0.6205806621153294, 0.3020069834184255, 0.7562999486240339, 0.6317846646383293, 0.5732815973042331, 0.623449035669275, 0.5183287338353242, 0.4520812589745805, 0.5805800997956463, 0.37316177083989754, 0.4962448915273979, 0.5053109078616957, 0.45529304913923985, 0.4726892490000855, 0.13343497742109364, 0.61837740878431, 0.4117607426737306, 0.3916689188620219, 0.23902114549672313, 0.44271729390622305, 0.6464536938591852, 0.5877688487662522], "fittest_individual_over_time": [0.7343522178058053, 0.5857749151239187, 0.6713114014807919, 0.3944294106733516, 0.44382545720389344, 0.30632640928594906, 0.22847935702218158, 0.1684861368872278, 0.1274291866387978, 0.2109815462808552, 0.13049344322314044, 0.20618558415527427, 0.11657109825035804, 0.09917097903159469, 0.07208233897493807, 0.22718548025603194, 0.07258019843928834, 0.10855440217472014, 0.11688318429986436, 0.032807050933519474, 0.0832224369373891, 0.19485546918326468, 0.10666680201616657, 0.09519790347484341, 0.019295768235276334, 0.049379887440763263, 0.06790960045773371, 0.08536068072532581, 0.1617625138366062, 0.18861948765610534, 0.09872984415621817, 0.1809747116405349, 0.0795737625909429, 0.1399443235306289, 0.18948904539815953, 0.13948202609598515, 0.08646555406702852, 0.10125620898890526, 0.030473151874903792, 0.06531157148824722, 0.06432297137472788, 0.040890879071773224, 0.05004714177996855, 0.05245865888889287, 0.05950589389644818, 0.11301414755404404, 0.10156947971605801, 0.0324636047998308, 0.16064999351596562, 0.07342241936264363, 0.0676463457605555]}