{"number_of_generations": 50, "number_of_steps": 500, "mutation_rate": 0.01, "mutation_step": 0.01, "tournament_size": 1, "crossover_type": "none", "mean_cohesion_over_time": [0.6284601788360997, 0.6101253699922092, 0.5507640581186262, 0.5602542675678783, 0.4344528470386091, 0.5525975897708338, 0.5549407231340991, 0.671510168528621, 0.5450506744916224, 0.5232593688245057, 0.6201174594566904, 0.6072490969328327, 0.652522601364777, 0.5936606200950224, 0.6218618361598991, 0.5317880689928305, 0.6375390964083892, 0.5224256651465886, 0.533248146354997, 0.638512552255417, 0.5114787573220548, 0.6567165255946658, 0.5425620499435252, 0.6317755508199123, 0.6257823345778504, 0.5820435914287285, 0.5832051178314891, 0.559716932525483, 0.590812588707688, 0.6174995620127948, 0.6384773971989748, 0.6441269246325494, 0.5860111781031386, 0.5876847202456199, 0.554266420579755, 0.4799144289033388, 0.5723944070501217, 0.6030579767330394, 0.5524133856340824, 0.5266287213864306, 0.6638601662291836, 0.5529481967684068, 0.39509584084305255, 0.6193639594005834, 0.5770192473866314, 0.5412168325967636, 0.5540698450189657, 0.5962152615092977, 0.6262130057243706, 0.5878224493872597, 0.4878409831941141], "mean_alignment_over_time": [0.5259868899055227, 0.5530187009034363, 0.5364118715548296, 0.4815532582489388, 0.5293890642907917, 0.5075341202355795, 0.4999989857589931, 0.560386590141036, 0.47772414421532905, 0.48595033790233066, 0.5300920786484427, 0.520827687525365, 0.5471978292826539, 0.5014704700511444, 0.5496691416426558, 0.6326135086685923, 0.5884464748007605, 0.5577546278011422, 0.5470873967197619, 0.46912259858259875, 0.5408305041890592, 0.5139603470943804, 0.4808054323793669, 0.5812317003950418, 0.4026891501632452, 0.38235224189717515, 0.4681532265128844, 0.4898149458941024, 0.569329749403311, 0.5576088106474508, 0.5853667805765452, 0.4686793690448543, 0.47374024451866226, 0.4902045505396488, 0.5694026549599207, 0.5337557972408645, 0.5383877487294562, 0.5507129078747386, 0.5676768759731448, 0.4928366764292554, 0.5714357809889302, 0.60776155293669, 0.5866776783016966, 0.5898779572043632, 0.5059471217172227, 0.4075600180079275, 0.47351737247556713, 0.5397378791714698, 0.5735600546810087, 0.4415508912077357, 0.5008312536419672], "mean_fitness_over_time": [1.1544470687416224, 1.1631440708956453, 1.0871759296734558, 1.0418075258168171, 0.9638419113294006, 1.0601317100064136, 1.0549397088930923, 1.231896758669657, 1.0227748187069514, 1.0092097067268364, 1.1502095381051332, 1.1280767844581978, 1.199720430647431, 1.0951310901461668, 1.1715309778025549, 1.1644015776614227, 1.2259855712091499, 1.0801802929477307, 1.0803355430747588, 1.1076351508380158, 1.052309261511114, 1.1706768726890464, 1.0233674823228922, 1.2130072512149541, 1.0284714847410956, 0.9643958333259037, 1.0513583443443735, 1.0495318784195855, 1.1601423381109992, 1.1751083726602456, 1.2238441777755198, 1.1128062936774037, 1.0597514226218008, 1.0778892707852687, 1.1236690755396754, 1.0136702261442032, 1.1107821557795778, 1.1537708846077779, 1.120090261607227, 1.0194653978156858, 1.2352959472181138, 1.1607097497050969, 0.9817735191447491, 1.2092419166049466, 1.0829663691038542, 0.9487768506046912, 1.027587217494533, 1.1359531406807672, 1.1997730604053791, 1.0293733405949954, 0.9886722368360814], "fittest_individual_over_time": [0.7343522178058053, 0.5823289795002142, 0.5236565197916745, 0.38099850423805465, 0.552456816518203, 0.5530789312373908, 0.546658618647185, 0.4704059268019939, 0.31931158861389264, 0.5777299096125001, 0.5142238686607583, 0.44324508177484345, 0.622685315981135, 0.40133815061221034, 0.5227302250976749, 0.6772226234501434, 0.4260008630340137, 0.4769747795387083, 0.4252589133070069, 0.555822563328297, 0.5288840008700972, 0.3465538100198917, 0.44162012056381056, 0.4795565400537012, 0.41509977594246733, 0.1738852900380279, 0.4765617097206824, 0.4347307566552619, 0.5564683016621639, 0.5938201000631183, 0.5648352429321863, 0.38393158325953086, 0.422998301007973, 0.20557449566037478, 0.278403077071053, 0.33180645336742975, 0.30197335684898796, 0.32215006826931647, 0.5631785494152715, 0.36325173496834784, 0.43085919969920555, 0.2988148626435113, 0.41393557220743404, 0.4574058881775126, 0.36782062671422233, 0.35556944507883037, 0.48130489658447134, 0.5025117935677101, 0.6518744280444311, 0.5469386942921909, 0.3584802951269218]}