{"number_of_generations": 50, "number_of_steps": 500, "mutation_rate": 0.2, "mutation_step": 0.2, "tournament_size": 2, "crossover_type": "uniform", "mean_cohesion_over_time": [0.6284601788360997, 0.6330456791174776, 0.4557851172237546, 0.5467452897939844, 0.4732712093312882, 0.6124987518678997, 0.5782490855207075, 0.5645773169601767, 0.5180499165686706, 0.5237541064539293, 0.5530212900603341, 0.5347303060306505, 0.5313933932995787, 0.6313770321703532, 0.6320284866188907, 0.4890259236889882, 0.5175892635794157, 0.5572698591547058, 0.517311316425744, 0.5745260147021001, 0.5107903676970018, 0.5464807452324353, 0.5326884614440631, 0.5088669096813137, 0.5338971814773474, 0.4600078343177524, 0.5329381055019621, 0.5734705564995272, 0.5617280541325096, 0.5396745461511011, 0.5524937885962811, 0.5080075106645716, 0.44314184507079496, 0.5675124664434673, 0.5168199366150321, 0.48280137560966724, 0.5852707180066297, 0.4277345899574366, 0.49257338970097303, 0.5508886855001727, 0.5262926538863807, 0.49676643062900283, 0.5464671832798218, 0.4375441872264492, 0.48265845203918667, 0.5048177335565037, 0.5036502056737816, 0.5127610309711134, 0.5346830112976476, 0.47229423500566725, 0.4850063961184981], "mean_alignment_over_time": [0.5259868899055227, 0.49964588742874766, 0.5162852820954407, 0.4658562768559942, 0.4197423128617884, 0.5084885060781533, 0.5182365790458517, 0.4952218227022368, 0.49538174446829714, 0.4869132645117878, 0.5167321450394857, 0.47053179651142185, 0.5185703024050266, 0.5630650384907044, 0.4389375669718581, 0.5148838650213843, 0.5684804365794578, 0.4877533430889593, 0.42538649845302345, 0.4063963120587438, 0.5122202730637235, 0.5112617722576902, 0.4261191666448334, 0.5243061894543231, 0.45565644591432913, 0.566310529817331, 0.3685391497153034, 0.4966790572755036, 0.4940184547781518, 0.42030842449517314, 0.3989480516928876, 0.3278446410393903, 0.3102024066137064, 0.4566726504705641, 0.33863731802927205, 0.317066495439287, 0.31012947737913393, 0.3333266665685639, 0.3852361718996136, 0.2722998951231766, 0.40144145680260224, 0.41858667957117485, 0.4572298903579524, 0.2466011188496133, 0.2450817897573869, 0.25330794336110907, 0.28492480079430565, 0.1943088234223421, 0.23066896864250144, 0.21227666621572225, 0.22357219220028604], "mean_fitness_over_time": [1.1544470687416224, 1.132691566546225, 0.9720703993191954, 1.0126015666499786, 0.8930135221930766, 1.120987257946053, 1.096485664566559, 1.0597991396624133, 1.0134316610369678, 1.010667370965717, 1.06975343509982, 1.0052621025420723, 1.0499636957046052, 1.1944420706610575, 1.0709660535907488, 1.0039097887103725, 1.0860697001588735, 1.0450232022436652, 0.9426978148787675, 0.9809223267608439, 1.0230106407607251, 1.0577425174901256, 0.9588076280888967, 1.0331730991356367, 0.9895536273916765, 1.0263183641350835, 0.9014772552172655, 1.070149613775031, 1.0557465089106615, 0.9599829706462741, 0.9514418402891686, 0.8358521517039619, 0.7533442516845014, 1.0241851169140315, 0.8554572546443042, 0.7998678710489542, 0.8954001953857635, 0.7610612565260004, 0.8778095616005865, 0.8231885806233491, 0.9277341106889829, 0.9153531102001776, 1.0036970736377742, 0.6841453060760624, 0.7277402417965736, 0.7581256769176126, 0.7885750064680873, 0.7070698543934556, 0.765351979940149, 0.6845709012213895, 0.7085785883187843], "fittest_individual_over_time": [0.7343522178058053, 0.5788594945443972, 0.35878577642724685, 0.6546336834965607, 0.47440483570650466, 0.5909986713105131, 0.4053326385680267, 0.567805185202291, 0.3752293421806813, 0.5020104651255539, 0.5063085890974657, 0.5871878721135546, 0.5773662583105073, 0.5813300953928081, 0.6134471442978296, 0.6553887396696018, 0.4703051910274577, 0.3439650442261949, 0.4575158866374086, 0.5430890093523434, 0.3586122030320982, 0.3128590610125666, 0.33496692859412525, 0.5004426753913628, 0.3040765441153431, 0.5859915721183139, 0.43878296803496836, 0.4948403262969579, 0.3663980363063254, 0.34279575878101354, 0.4071024031213666, 0.37580936853789343, 0.2028283205522119, 0.41682348911185463, 0.3674500688164333, 0.4076634915716344, 0.14966680813314057, 0.1988763003433973, 0.3691119915132456, 0.2700306718742234, 0.31910615751626265, 0.2172888958454799, 0.3616156625337135, 0.27697066501546364, 0.23660464795202962, 0.34811192095754356, 0.30461634179682456, 0.09876680113989693, 0.32050297109670545, 0.2654883287780381, 0.28801543241953914]}