{"number_of_generations": 50, "number_of_steps": 500, "mutation_rate": 0.2, "mutation_step": 0.4, "tournament_size": 2, "crossover_type": "single_point", "mean_cohesion_over_time": [0.6284601788360997, 0.49895807456403757, 0.6533027759582949, 0.43935856864259165, 0.5597112684483663, 0.5957834698354587, 0.47647367181194755, 0.6739569991050557, 0.6265527626251421, 0.5420105452026108, 0.6019848259868711, 0.5404666893134997, 0.4997009598301853, 0.5655140320207592, 0.5451121384503502, 0.5750038852682944, 0.5186035665139224, 0.5814736924310023, 0.6097176787719063, 0.5972364188287428, 0.6174046052888977, 0.6414331906851504, 0.6218100607595697, 0.6547624382199476, 0.594154563098397, 0.5729425821127655, 0.5338831253914981, 0.5684104426994953, 0.5177801874067496, 0.5419139865851392, 0.5285738275358018, 0.4986187184414295, 0.4924956818829157, 0.5672335436284877, 0.4813219329640973, 0.5533113431637949, 0.4926066947588768, 0.5151697168185262, 0.4299247617220526, 0.5383373524950718, 0.4487752220380416, 0.4011554040479773, 0.5281127060728802, 0.6238917810470086, 0.4757712967199144, 0.4264432353946692, 0.49091164735580856, 0.4644352542948104, 0.5451733271647753, 0.4850831219644512, 0.44626130321570323], "mean_alignment_over_time": [0.5259868899055227, 0.504094884354267, 0.4617738091383746, 0.4454156818123892, 0.557289787780074, 0.5104632981867901, 0.4719113005774654, 0.5735981932551868, 0.5081702552794627, 0.5274094300855637, 0.5014722417441135, 0.4232051202479322, 0.4969673000588626, 0.509898631659935, 0.44354970430575025, 0.5394186044279283, 0.4075177094775268, 0.5207386312694461, 0.4970451312564613, 0.5581218292321212, 0.5423963984275345, 0.4514736989664888, 0.5480122047099857, 0.5181564156740763, 0.5058219388384217, 0.5488826073232305, 0.499333307616856, 0.462398953706193, 0.4030490434301644, 0.4136440514016677, 0.368853698187854, 0.3483877186737157, 0.2666579680010732, 0.37940248292752415, 0.389432216917874, 0.32024282203857185, 0.278111726726085, 0.3413694738259798, 0.21883946038178606, 0.29244407829607555, 0.20898680930598135, 0.2931616193344748, 0.27881178887025543, 0.29034739866722564, 0.28866728793195034, 0.22142490547541796, 0.28841000399340516, 0.2997356565226927, 0.27179840497402075, 0.2520046401373668, 0.3218709923771775], "mean_fitness_over_time": [1.1544470687416224, 1.0030529589183046, 1.1150765850966693, 0.8847742504549809, 1.1170010562284403, 1.106246768022249, 0.9483849723894128, 1.2475551923602424, 1.1347230179046048, 1.0694199752881746, 1.1034570677309845, 0.9636718095614321, 0.9966682598890481, 1.0754126636806942, 0.9886618427561004, 1.1144224896962225, 0.9261212759914494, 1.1022123237004486, 1.1067628100283677, 1.155358248060864, 1.1598010037164324, 1.0929068896516394, 1.1698222654695551, 1.1729188538940238, 1.0999765019368188, 1.1218251894359959, 1.0332164330083542, 1.0308093964056884, 0.9208292308369138, 0.9555580379868069, 0.8974275257236559, 0.8470064371151453, 0.7591536498839888, 0.9466360265560119, 0.8707541498819712, 0.8735541652023666, 0.7707184214849617, 0.8565391906445059, 0.6487642221038387, 0.8307814307911474, 0.6577620313440231, 0.6943170233824523, 0.8069244949431355, 0.9142391797142342, 0.7644385846518648, 0.6478681408700873, 0.7793216513492136, 0.7641709108175031, 0.8169717321387959, 0.7370877621018181, 0.7681322955928808], "fittest_individual_over_time": [0.7343522178058053, 0.41008401961063523, 0.666761638458779, 0.2847749579233001, 0.6549938760970844, 0.7042170104756613, 0.4099291046939055, 0.7195802866067167, 0.5845275828346723, 0.3220031290978939, 0.5914245136012155, 0.3387442176348391, 0.4828653687503558, 0.7921621898625284, 0.6042447179454191, 0.5364766928605023, 0.49412867027715623, 0.4197248360859198, 0.7189221099516033, 0.7825980494427234, 0.5976130789553928, 0.41248607747752386, 0.6569468319661698, 0.5633839158912968, 0.38571548547533674, 0.5212959817955304, 0.603681826823028, 0.4824302586406392, 0.5169663076105826, 0.5112508027688283, 0.19772235878158745, 0.21449696052953215, 0.27680185794432544, 0.4199433875920211, 0.1653639097346722, 0.24844086413892863, 0.23104953734932915, 0.16980994672478578, 0.22025903302274508, 0.3385092817494534, 0.13425282298843924, 0.28158969815537294, 0.36757257344726657, 0.43766686813671857, 0.2286001653209454, 0.24938092025591047, 0.2771703657178818, 0.15327250864380823, 0.21624884110885995, 0.09503980729778974, 0.34507588365150393]}