{"number_of_generations": 50, "number_of_steps": 500, "mutation_rate": 0.1, "mutation_step": 0.2, "tournament_size": 5, "crossover_type": "uniform", "mean_cohesion_over_time": [0.6284601788360997, 0.6081216991513483, 0.5824358844470747, 0.5209578327806959, 0.5238469758205521, 0.5826551967153638, 0.5542029941783145, 0.46096724924178595, 0.6467438539886474, 0.46632101489251865, 0.5298324553571662, 0.5006491193462221, 0.454521158648803, 0.4394777090186701, 0.5217047711155811, 0.5147193025158292, 0.5763350830804508, 0.5088980926970065, 0.386241856114556, 0.2597583863861212, 0.34113966536819773, 0.14428752211928994, 0.3669562539420061, 0.41275371489303153, 0.28343580890845216, 0.382496004080356, 0.3317934813644983, 0.361738517294278, 0.24895089872237944, 0.20407610943153126, 0.41870213257228556, 0.350252080899699, 0.41213423770434593, 0.25772033810156936, 0.20990386785253892, 0.2406115566579755, 0.08964915368717012, 0.16375030024828227, 0.14602747664456683, 0.2325278603650389, 0.41654294493512234, 0.12637249249075558, 0.0845514688654105, 0.19728713039068407, 0.4252521145057386, 0.27519167485056906, 0.2909782225913352, 0.2637435105927728, 0.1888505344699896, 0.2794776025532486, 0.4610111645134927], "mean_alignment_over_time": [0.5259868899055227, 0.501380654288963, 0.5502922212965033, 0.38729630481506333, 0.5559389357025466, 0.5006330047733839, 0.540323675180679, 0.49786295155478427, 0.45358939950532023, 0.2621607451607428, 0.4105508255797602, 0.34095614304423605, 0.15876766297114275, 0.27114990323617066, 0.23003831929824603, 0.20424287041892752, 0.21108412508104968, 0.27645852857279296, 0.1918457669869086, 0.1280845788392982, 0.16444256041248084, 0.03926408246080955, 0.09860169313545235, 0.1824066342062132, 0.20612698839407745, 0.22777876660851779, 0.20951055590139284, 0.13583443847721235, 0.11459667604416293, 0.07474570897200601, 0.10381177772464176, 0.06369556863800283, 0.13415455294094789, 0.09991188528412888, 0.09343312094523894, 0.07145234506541119, 0.06315803752534334, 0.08584525813666515, 0.08863822183215239, 0.10745992304162338, 0.04701677088468034, 0.10503680159383895, 0.04507290523572258, 0.04217723014414802, 0.15344604655419142, 0.07819165570344268, 0.1737021599765263, 0.17031727484525072, 0.06921262890592869, 0.15698620725786563, 0.18515416001896262], "mean_fitness_over_time": [1.1544470687416224, 1.1095023534403112, 1.1327281057435783, 0.9082541375957591, 1.0797859115230988, 1.0832882014887475, 1.0945266693589937, 0.9588302007965701, 1.1003332534939676, 0.7284817600532615, 0.9403832809369264, 0.8416052623904582, 0.6132888216199458, 0.7106276122548408, 0.7517430904138271, 0.7189621729347567, 0.7874192081615005, 0.7853566212697994, 0.5780876231014647, 0.38784296522541944, 0.5055822257806786, 0.1835516045800995, 0.4655579470774584, 0.5951603490992448, 0.4895627973025296, 0.6102747706888738, 0.5413040372658913, 0.49757295577149024, 0.36354757476654237, 0.2788218184035373, 0.5225139102969273, 0.4139476495377018, 0.5462887906452939, 0.3576322233856983, 0.3033369887977779, 0.31206390172338666, 0.15280719121251346, 0.24959555838494743, 0.23466569847671923, 0.33998778340666236, 0.46355971581980265, 0.23140929408459454, 0.1296243741011331, 0.23946436053483208, 0.57869816105993, 0.3533833305540118, 0.46468038256786154, 0.4340607854380235, 0.2580631633759183, 0.43646380981111427, 0.6461653245324555], "fittest_individual_over_time": [0.7343522178058053, 0.5004749398471363, 0.6824830915843175, 0.35240786095720594, 0.45691293534015737, 0.5001754833436629, 0.3058073718868688, 0.2641682550942923, 0.6549270088047322, 0.17172250678955642, 0.37508132166515384, 0.2508338166680082, 0.28347421664823325, 0.13224168522852017, 0.1620984298015029, 0.16971817723868557, 0.18005060410374413, 0.22758025540416443, 0.11077994437335362, 0.08905612977217517, 0.03391796893311242, 0.03934874693719834, 0.02893759519159334, 0.025640299439086946, 0.08628621611318335, 0.056962738615370406, 0.15166355356246666, 0.17636079525557175, 0.07139266600082977, 0.024128954613909022, 0.11219038665519415, 0.03719143028164247, 0.060636963872686994, 0.02916209949114422, 0.04316759156934813, 0.06270798907966017, 0.0460160498372149, 0.043603407451029294, 0.026689569817204883, 0.03057085448496786, 0.05630358965804991, 0.045987687307972744, 0.024426495902367267, 0.07220828284078128, 0.1553191554966457, 0.021504543681322742, 0.046360334189253796, 0.05706948435085901, 0.026549043229471634, 0.03859221317532631, 0.017681911700116383]}